USDIDR,DXY,VIX,IHSG,BI_Rate,rate_diff,USDIDR_roll_mean20,M2_growth_12m,US10Y_roll_mean20,IHSG_roll_mean20,BRENT_return_1d,IHSG_roll_std20,high_vix_regime
17878.0,98.91000366210938,15.31999969482422,6127.380859375,5.25,1.6099999999999999,17560.85,11.322387850356419,4.491499972343445,6573.4713134765625,-2.7638420266720143,388.4727897948461,0
